UnitName,UnitCode,BigData,Cloud,SocialMedia,HighDII,ICT_security,ICT_specialists,ICT_functions,ICT_training,E-sales,Turnover,Consumption,Recycle_reuse,Circular_use,GHG,SME_GHG,GreenProd,GreenSME,SMEs_Exporters,SMEs_TradeRatio,SMEs_LP,HGEs,HGEs_empl,,,,,,,,,,,,,,,,,,,,,
Belgium,BEL,21.80,51.70,44.10,40.30,95.70,30.80,46.60,31.20,28.10,16.70,50.00,38.00,20.50,78.90,33.75,35.0,40.56,10.03,43.89,69.73,6.88,5.75,,,,,,,,,,,,,,,,,,,,,
Bulgaria,BGR,5.90,12.00,12.40,17.00,81.50,14.80,25.90,8.30,14.70,4.70,19.40,19.00,4.90,54.40,41.55,23.0,27.89,6.58,48.86,15.12,9.24,14.16,,,,,,,,,,,,,,,,,,,,,
Czechia,CZE,8.50,43.00,22.50,28.90,91.60,17.00,44.40,20.80,23.60,17.20,38.20,45.00,11.40,66.30,46.44,19.0,33.14,1.35,36.29,25.12,8.84,10.86,,,,,,,,,,,,,,,,,,,,,
Denmark,DNK,26.10,64.10,35.30,56.40,98.10,32.30,55.50,31.70,35.30,18.90,26.20,26.00,7.80,59.30,15.93,37.0,61.70,9.24,28.26,89.05,11.59,12.98,,,,,,,,,,,,,,,,,,,,,
Germany,DEU,17.20,40.60,28.70,36.50,96.20,20.30,46.90,25.80,21.90,11.50,46.20,50.00,12.70,60.20,38.40,30.0,32.24,10.43,15.88,50.92,8.25,12.30,,,,,,,,,,,,,,,,,,,,,
Estonia,EST,9.40,57.00,21.60,30.30,85.40,15.90,44.10,17.60,21.90,12.40,30.00,27.00,15.10,42.60,38.24,27.0,44.68,15.48,78.29,32.19,9.53,12.71,,,,,,,,,,,,,,,,,,,,,
Ireland,IRL,22.00,57.90,31.50,49.30,91.10,29.00,39.50,21.80,42.20,26.20,25.80,52.00,2.00,112.80,30.52,29.0,28.89,4.31,21.84,96.04,15.76,23.71,,,,,,,,,,,,,,,,,,,,,
Greece,GRC,12.50,20.20,27.70,17.90,74.80,19.20,28.60,12.90,17.80,7.30,37.80,47.00,3.40,71.50,52.02,37.0,25.59,2.36,23.28,13.59,16.91,25.61,,,,,,,,,,,,,,,,,,,,,
Spain,ESP,8.50,30.00,38.50,26.80,87.30,14.70,36.50,19.30,32.60,10.20,60.60,76.00,8.00,97.70,49.56,33.0,28.73,6.04,19.95,33.99,11.28,15.42,,,,,,,,,,,,,,,,,,,,,
France,FRA,21.10,28.30,25.00,20.20,93.20,15.90,34.70,13.70,16.20,5.10,30.00,42.00,19.80,76.50,28.00,38.0,32.22,2.67,9.30,50.97,8.63,7.29,,,,,,,,,,,,,,,,,,,,,
Croatia,HRV,12.90,38.20,23.10,27.20,84.30,15.10,52.20,19.50,29.20,13.40,33.60,33.00,5.70,73.90,51.09,27.0,33.23,3.26,37.59,20.17,11.07,12.30,,,,,,,,,,,,,,,,,,,,,
Italy,ITA,8.20,60.10,26.80,26.80,92.00,12.20,20.50,18.40,17.70,13.50,44.80,43.00,18.40,75.70,50.08,28.0,36.51,5.07,23.85,38.83,9.53,12.24,,,,,,,,,,,,,,,,,,,,,
Cyprus,CYP,5.70,49.60,41.50,32.90,91.00,23.50,41.10,27.40,21.50,6.60,35.40,43.00,2.80,145.70,43.85,32.0,29.64,4.27,35.86,29.48,1.90,2.85,,,,,,,,,,,,,,,,,,,,,
Latvia,LVA,7.80,27.60,24.70,20.30,82.30,17.30,60.90,13.90,17.50,8.10,37.00,22.00,6.20,96.20,63.87,22.0,36.31,10.62,66.10,19.66,9.49,12.23,,,,,,,,,,,,,,,,,,,,,
Lithuania,LTU,10.30,32.20,21.00,28.80,87.80,15.30,42.80,11.60,36.90,15.00,42.20,15.00,4.00,33.30,49.19,31.0,31.49,7.39,54.87,21.31,10.87,16.11,,,,,,,,,,,,,,,,,,,,,
Luxembourg,LUX,18.00,32.30,32.60,28.80,85.70,21.60,43.20,20.40,11.70,n.a.,43.40,52.00,3.80,81.20, n.a.,41.0,49.89,6.07,21.64,84.92,11.57,11.90,,,,,,,,,,,,,,,,,,,,,
Hungary,HUN,6.60,25.30,12.10,23.60,78.40,28.90,38.20,16.70,21.10,10.90,45.00,35.00,6.80,62.30,44.04,21.0,38.59,5.22,43.65,19.56,10.37,20.13,,,,,,,,,,,,,,,,,,,,,
Malta,MLT,29.50,56.60,42.00,44.10,92.90,31.90,51.60,27.10,31.90,8.10,39.00,41.00,11.40,84.60,27.28,29.0,36.96,1.88,26.31,40.99,12.13,19.36,,,,,,,,,,,,,,,,,,,,,
Netherlands,NLD,26.10,64.10,47.70,41.40,95.40,29.00,45.20,27.30,30.20,15.70,47.80,53.00,33.80,76.80,43.84,45.0,38.86,8.26,61.86,65.49,12.52,16.95,,,,,,,,,,,,,,,,,,,,,
Austria,AUT,8.10,39.40,37.10,31.60,92.30,21.50,56.70,18.50,25.70,9.60,46.00,47.00,12.30,100.90,34.48,44.0,32.26,10.78,34.34,n.a.,7.26,7.02,,,,,,,,,,,,,,,,,,,,,
Poland,POL,7.80,27.30,16.60,26.70,93.10,28.80,32.60,22.70,16.10,8.00,38.20,32.00,9.10,85.50,31.63,25.0,29.80,6.10,26.81,20.84,9.76,18.20,,,,,,,,,,,,,,,,,,,,,
Portugal,PRT,10.00,33.70,25.30,34.40,89.50,18.70,40.70,22.60,19.10,13.30,28.40,50.00,2.50,77.00,57.18,27.0,35.35,4.97,31.21,19.73,11.62,21.77,,,,,,,,,,,,,,,,,,,,,
Romania,ROU,4.80,13.50,11.40,18.20,86.20,10.20,42.20,7.90,10.90,7.60,48.00,40.00,1.40,29.00,43.33,24.0,28.09,3.97,29.05,12.31,1.85,5.21,,,,,,,,,,,,,,,,,,,,,
Slovenia,SVN,5.80,41.60,28.60,31.70,86.30,18.80,34.10,27.30,24.80,12.50,34.80,36.00,11.00,90.10,49.10,37.0,36.08,15.51,61.29,34.33,11.04,10.68,,,,,,,,,,,,,,,,,,,,,
Slovakia,SVK,5.10,35.20,19.70,22.60,85.70,15.20,36.20,13.50,16.60,8.70,56.00,53.00,8.30,52.20,47.03,41.0,34.47,5.73,45.34,19.87,8.63,10.19,,,,,,,,,,,,,,,,,,,,,
Finland,FIN,20.60,74.50,49.30,55.80,98.10,27.00,68.10,38.30,31.70,n.a.,40.60,41.00,2.00,105.80,47.94,41.0,40.02,7.49,20.62,63.19,12.53,15.63,,,,,,,,,,,,,,,,,,,,,
Sweden,SWE,18.50,74.90,47.00,58.00,90.40,21.40,59.60,32.90,37.60,16.30,59.20,67.00,6.60,26.80,34.72,43.0,42.11,7.15,27.05,66.99,15.68,19.18,,,,,,,,,,,,,,,,,,,,,
European Union,EUU,13.60,40.10,28.40,30.80,91.60,19.30,39.40,20.90,22.20,11.30,43.20,47.00,11.70,70.30,36.94,32.0,33.32,6.17,23.82,41.57,9.43,12.51,,,,,,,,,,,,,,,,,,,,,
,,,,,,,,,,,,,,,,,,,,,,,,,,,,,,,,,,,,,,,,,,,,
,,,,,,,,,,,,,,,,,,,,,,,,,,,,,,,,,,,,,,,,,,,,
,,,,,,,,,,,,,,,,,,,,,,,,,,,,,,,,,,,,,,,,,,,,
,,,,,,,,,,,,,,,,,,,,,,,,,,,,,,,,,,,,,,,,,,,,
,,,,,,,,,,,,,,,,,,,,,,,,,,,,,,,,,,,,,,,,,,,,
,,,,,,,,,,,,,,,,,,,,,,,,,,,,,,,,,,,,,,,,,,,,
,,,,,,,,,,,,,,,,,,,,,,,,,,,,,,,,,,,,,,,,,,,,
,,,,,,,,,,,,,,,,,,,,,,,,,,,,,,,,,,,,,,,,,,,,
,,,,,,,,,,,,,,,,,,,,,,,,,,,,,,,,,,,,,,,,,,,,
,,,,,,,,,,,,,,,,,,,,,,,,,,,,,,,,,,,,,,,,,,,,
,,,,,,,,,,,,,,,,,,,,,,,,,,,,,,,,,,,,,,,,,,,,
,,,,,,,,,,,,,,,,,,,,,,,,,,,,,,,,,,,,,,,,,,,,
,,,,,,,,,,,,,,,,,,,,,,,,,,,,,,,,,,,,,,,,,,,,
,,,,,,,,,,,,,,,,,,,,,,,,,,,,,,,,,,,,,,,,,,,,
,,,,,,,,,,,,,,,,,,,,,,,,,,,,,,,,,,,,,,,,,,,,
,,,,,,,,,,,,,,,,,,,,,,,,,,,,,,,,,,,,,,,,,,,,
,,,,,,,,,,,,,,,,,,,,,,,,,,,,,,,,,,,,,,,,,,,,
,,,,,,,,,,,,,,,,,,,,,,,,,,,,,,,,,,,,,,,,,,,,
,,,,,,,,,,,,,,,,,,,,,,,,,,,,,,,,,,,,,,,,,,,,
,,,,,,,,,,,,,,,,,,,,,,,,,,,,,,,,,,,,,,,,,,,,
,,,,,,,,,,,,,,,,,,,,,,,,,,,,,,,,,,,,,,,,,,,,
,,,,,,,,,,,,,,,,,,,,,,,,,,,,,,,,,,,,,,,,,,,,
,,,,,,,,,,,,,,,,,,,,,,,,,,,,,,,,,,,,,,,,,,,,
,,,,,,,,,,,,,,,,,,,,,,,,,,,,,,,,,,,,,,,,,,,,
,,,,,,,,,,,,,,,,,,,,,,,,,,,,,,,,,,,,,,,,,,,,
,,,,,,,,,,,,,,,,,,,,,,,,,,,,,,,,,,,,,,,,,,,,
,,,,,,,,,,,,,,,,,,,,,,,,,,,,,,,,,,,,,,,,,,,,
,,,,,,,,,,,,,,,,,,,,,,,,,,,,,,,,,,,,,,,,,,,,
,,,,,,,,,,,,,,,,,,,,,,,,,,,,,,,,,,,,,,,,,,,,
,,,,,,,,,,,,,,,,,,,,,,,,,,,,,,,,,,,,,,,,,,,,
,,,,,,,,,,,,,,,,,,,,,,,,,,,,,,,,,,,,,,,,,,,,